cliente_id,cliente,ciudad,provincia,segmento
1,Cliente 001,Mar del Plata,Buenos Aires,Pyme
2,Cliente 002,La Plata,Buenos Aires,Profesional
3,Cliente 003,Mar del Plata,Buenos Aires,Profesional
4,Cliente 004,Mendoza,Mendoza,Profesional
5,Cliente 005,CABA,Buenos Aires,Profesional
6,Cliente 006,Mendoza,Mendoza,Minorista
7,Cliente 007,Rosario,Santa Fe,Profesional
8,Cliente 008,La Plata,Buenos Aires,Minorista
9,Cliente 009,Cordoba,Cordoba,Pyme
10,Cliente 010,Mar del Plata,Buenos Aires,Profesional
11,Cliente 011,Mendoza,Mendoza,Profesional
12,Cliente 012,La Plata,Buenos Aires,Profesional
13,Cliente 013,Mar del Plata,Buenos Aires,Minorista
14,Cliente 014,La Plata,Buenos Aires,Minorista
15,Cliente 015,Mar del Plata,Buenos Aires,Pyme
16,Cliente 016,Mar del Plata,Buenos Aires,Minorista
17,Cliente 017,La Plata,Buenos Aires,Profesional
18,Cliente 018,Mendoza,Mendoza,Pyme
19,Cliente 019,La Plata,Buenos Aires,Profesional
20,Cliente 020,Cordoba,Cordoba,Pyme
21,Cliente 021,Mendoza,Mendoza,Pyme
22,Cliente 022,La Plata,Buenos Aires,Pyme
23,Cliente 023,La Plata,Buenos Aires,Minorista
24,Cliente 024,Mendoza,Mendoza,Profesional
25,Cliente 025,Rosario,Santa Fe,Pyme
26,Cliente 026,Mendoza,Mendoza,Profesional
27,Cliente 027,Cordoba,Cordoba,Profesional
28,Cliente 028,Cordoba,Cordoba,Pyme
29,Cliente 029,La Plata,Buenos Aires,Minorista
30,Cliente 030,Rosario,Santa Fe,Pyme
31,Cliente 031,CABA,Buenos Aires,Minorista
32,Cliente 032,CABA,Buenos Aires,Minorista
33,Cliente 033,Mendoza,Mendoza,Minorista
34,Cliente 034,Mendoza,Mendoza,Pyme
35,Cliente 035,Rosario,Santa Fe,Minorista
36,Cliente 036,Cordoba,Cordoba,Pyme
37,Cliente 037,Rosario,Santa Fe,Pyme
38,Cliente 038,Rosario,Santa Fe,Pyme
39,Cliente 039,Rosario,Santa Fe,Minorista
40,Cliente 040,Mendoza,Mendoza,Profesional
41,Cliente 041,CABA,Buenos Aires,Profesional
42,Cliente 042,Rosario,Santa Fe,Pyme
43,Cliente 043,Mendoza,Mendoza,Pyme
44,Cliente 044,CABA,Buenos Aires,Pyme
45,Cliente 045,Cordoba,Cordoba,Minorista
46,Cliente 046,Cordoba,Cordoba,Minorista
47,Cliente 047,Mendoza,Mendoza,Profesional
48,Cliente 048,Mar del Plata,Buenos Aires,Profesional
49,Cliente 049,La Plata,Buenos Aires,Profesional
50,Cliente 050,CABA,Buenos Aires,Profesional
51,Cliente 051,Mar del Plata,Buenos Aires,Profesional
52,Cliente 052,Rosario,Santa Fe,Profesional
53,Cliente 053,La Plata,Buenos Aires,Minorista
54,Cliente 054,Mar del Plata,Buenos Aires,Minorista
55,Cliente 055,Rosario,Santa Fe,Profesional
56,Cliente 056,CABA,Buenos Aires,Profesional
57,Cliente 057,Mar del Plata,Buenos Aires,Pyme
58,Cliente 058,CABA,Buenos Aires,Minorista
59,Cliente 059,Mar del Plata,Buenos Aires,Pyme
60,Cliente 060,La Plata,Buenos Aires,Minorista
61,Cliente 061,La Plata,Buenos Aires,Profesional
62,Cliente 062,CABA,Buenos Aires,Minorista
63,Cliente 063,Mendoza,Mendoza,Pyme
64,Cliente 064,CABA,Buenos Aires,Profesional
65,Cliente 065,La Plata,Buenos Aires,Minorista
66,Cliente 066,Mendoza,Mendoza,Pyme
67,Cliente 067,Rosario,Santa Fe,Minorista
68,Cliente 068,Mar del Plata,Buenos Aires,Profesional
69,Cliente 069,Rosario,Santa Fe,Pyme
70,Cliente 070,La Plata,Buenos Aires,Profesional
71,Cliente 071,Mendoza,Mendoza,Profesional
72,Cliente 072,La Plata,Buenos Aires,Profesional
73,Cliente 073,Mar del Plata,Buenos Aires,Pyme
74,Cliente 074,Mendoza,Mendoza,Profesional
75,Cliente 075,Mar del Plata,Buenos Aires,Pyme
76,Cliente 076,Rosario,Santa Fe,Pyme
77,Cliente 077,CABA,Buenos Aires,Minorista
78,Cliente 078,La Plata,Buenos Aires,Minorista
79,Cliente 079,Mar del Plata,Buenos Aires,Minorista
80,Cliente 080,Rosario,Santa Fe,Profesional
81,Cliente 081,La Plata,Buenos Aires,Profesional
82,Cliente 082,La Plata,Buenos Aires,Minorista
83,Cliente 083,CABA,Buenos Aires,Profesional
84,Cliente 084,Mendoza,Mendoza,Minorista
85,Cliente 085,La Plata,Buenos Aires,Minorista
86,Cliente 086,CABA,Buenos Aires,Pyme
87,Cliente 087,CABA,Buenos Aires,Profesional
88,Cliente 088,La Plata,Buenos Aires,Pyme
89,Cliente 089,Mendoza,Mendoza,Pyme
90,Cliente 090,La Plata,Buenos Aires,Profesional
91,Cliente 091,La Plata,Buenos Aires,Profesional
92,Cliente 092,Rosario,Santa Fe,Profesional
93,Cliente 093,Cordoba,Cordoba,Minorista
94,Cliente 094,Cordoba,Cordoba,Pyme
95,Cliente 095,La Plata,Buenos Aires,Minorista
96,Cliente 096,CABA,Buenos Aires,Profesional
97,Cliente 097,Cordoba,Cordoba,Pyme
98,Cliente 098,Cordoba,Cordoba,Pyme
99,Cliente 099,Cordoba,Cordoba,Profesional
100,Cliente 100,CABA,Buenos Aires,Profesional
101,Cliente 101,Mendoza,Mendoza,Profesional
102,Cliente 102,CABA,Buenos Aires,Minorista
103,Cliente 103,Cordoba,Cordoba,Profesional
104,Cliente 104,Mar del Plata,Buenos Aires,Minorista
105,Cliente 105,La Plata,Buenos Aires,Minorista
106,Cliente 106,La Plata,Buenos Aires,Profesional
107,Cliente 107,Cordoba,Cordoba,Minorista
108,Cliente 108,Cordoba,Cordoba,Minorista
109,Cliente 109,Mar del Plata,Buenos Aires,Pyme
110,Cliente 110,La Plata,Buenos Aires,Minorista
111,Cliente 111,Cordoba,Cordoba,Profesional
112,Cliente 112,CABA,Buenos Aires,Minorista
113,Cliente 113,Mendoza,Mendoza,Profesional
114,Cliente 114,CABA,Buenos Aires,Minorista
115,Cliente 115,La Plata,Buenos Aires,Minorista
116,Cliente 116,Cordoba,Cordoba,Pyme
117,Cliente 117,Cordoba,Cordoba,Minorista
118,Cliente 118,Cordoba,Cordoba,Minorista
119,Cliente 119,La Plata,Buenos Aires,Pyme
120,Cliente 120,CABA,Buenos Aires,Pyme
121,Cliente 121,Mar del Plata,Buenos Aires,Pyme
122,Cliente 122,Mar del Plata,Buenos Aires,Pyme
123,Cliente 123,Mendoza,Mendoza,Profesional
124,Cliente 124,Rosario,Santa Fe,Profesional
125,Cliente 125,Mendoza,Mendoza,Pyme
126,Cliente 126,La Plata,Buenos Aires,Minorista
127,Cliente 127,Mar del Plata,Buenos Aires,Minorista
128,Cliente 128,CABA,Buenos Aires,Profesional
129,Cliente 129,Mendoza,Mendoza,Profesional
130,Cliente 130,CABA,Buenos Aires,Profesional
131,Cliente 131,Mar del Plata,Buenos Aires,Minorista
132,Cliente 132,CABA,Buenos Aires,Profesional
133,Cliente 133,Cordoba,Cordoba,Profesional
134,Cliente 134,Rosario,Santa Fe,Minorista
135,Cliente 135,CABA,Buenos Aires,Profesional
136,Cliente 136,CABA,Buenos Aires,Minorista
137,Cliente 137,CABA,Buenos Aires,Profesional
138,Cliente 138,CABA,Buenos Aires,Profesional
139,Cliente 139,La Plata,Buenos Aires,Pyme
140,Cliente 140,CABA,Buenos Aires,Profesional
141,Cliente 141,La Plata,Buenos Aires,Profesional
142,Cliente 142,Rosario,Santa Fe,Minorista
143,Cliente 143,Rosario,Santa Fe,Minorista
144,Cliente 144,Cordoba,Cordoba,Profesional
145,Cliente 145,Rosario,Santa Fe,Profesional
146,Cliente 146,Rosario,Santa Fe,Pyme
147,Cliente 147,Mar del Plata,Buenos Aires,Minorista
148,Cliente 148,Mendoza,Mendoza,Profesional
149,Cliente 149,Mar del Plata,Buenos Aires,Minorista
150,Cliente 150,Mar del Plata,Buenos Aires,Pyme
151,Cliente 151,La Plata,Buenos Aires,Profesional
152,Cliente 152,Mendoza,Mendoza,Pyme
153,Cliente 153,Cordoba,Cordoba,Pyme
154,Cliente 154,CABA,Buenos Aires,Minorista
155,Cliente 155,Cordoba,Cordoba,Profesional
156,Cliente 156,Rosario,Santa Fe,Minorista
157,Cliente 157,CABA,Buenos Aires,Profesional
158,Cliente 158,La Plata,Buenos Aires,Profesional
159,Cliente 159,Mar del Plata,Buenos Aires,Minorista
160,Cliente 160,Mar del Plata,Buenos Aires,Minorista
161,Cliente 161,La Plata,Buenos Aires,Pyme
162,Cliente 162,Mar del Plata,Buenos Aires,Minorista
163,Cliente 163,Cordoba,Cordoba,Profesional
164,Cliente 164,Mendoza,Mendoza,Pyme
165,Cliente 165,Rosario,Santa Fe,Profesional
166,Cliente 166,Rosario,Santa Fe,Minorista
167,Cliente 167,Mendoza,Mendoza,Profesional
168,Cliente 168,Mar del Plata,Buenos Aires,Profesional
169,Cliente 169,CABA,Buenos Aires,Minorista
170,Cliente 170,Mar del Plata,Buenos Aires,Minorista
171,Cliente 171,CABA,Buenos Aires,Profesional
172,Cliente 172,Rosario,Santa Fe,Minorista
173,Cliente 173,Mar del Plata,Buenos Aires,Pyme
174,Cliente 174,Rosario,Santa Fe,Minorista
175,Cliente 175,Mendoza,Mendoza,Pyme
176,Cliente 176,La Plata,Buenos Aires,Profesional
177,Cliente 177,Mendoza,Mendoza,Pyme
178,Cliente 178,Rosario,Santa Fe,Pyme
179,Cliente 179,Mar del Plata,Buenos Aires,Minorista
180,Cliente 180,CABA,Buenos Aires,Profesional
