venta_id,fecha,producto_id,cliente_id,sucursal_id,cantidad,precio_unitario,descuento,costo_unitario
1,2025-12-08,14,34,3,5,6779.03,0,4771.83
2,2026-07-29,24,3,1,2,7513.8,0.15,5440.67
3,2026-08-20,5,142,1,7,25174.92,0,20326.35
4,2025-02-10,2,92,1,4,17752.58,0.15,13615.88
5,2026-02-21,4,159,3,3,52180.97,0,41054.7
6,2026-02-27,6,7,1,6,17502.44,0.2,10913.42
7,2025-09-12,14,69,1,2,6756.44,0.05,5133.39
8,2026-04-17,2,90,2,4,19035.4,0,12826.98
9,2025-10-13,1,18,2,6,38080.78,0.15,29233.02
10,2026-07-04,17,85,1,2,45020.14,0,25929.79
11,2025-02-09,6,28,3,7,16666.57,0,11076.14
12,2026-06-08,24,30,2,4,7847.91,0,5313.09
13,2026-07-06,2,176,3,4,18686.2,0,12569.58
14,2025-12-05,14,160,2,2,6146.39,0.15,5045.28
15,2025-12-01,10,104,3,5,46594.08,0.1,37674.88
16,2026-01-24,5,174,3,3,24040.92,0.1,20029.37
17,2025-01-01,19,78,2,4,60065.86,0.05,38183.2
18,2026-03-29,19,114,3,4,62479.28,0.1,37422.32
19,2025-06-23,16,169,1,5,64838.37,0.1,38531.71
20,2025-08-29,22,173,2,4,15979.01,0.2,10874.92
21,2026-05-02,7,157,1,8,2618.16,0.05,1921.91
22,2026-01-29,21,127,2,4,41819.34,0,33048.91
23,2025-04-20,21,109,1,3,42413.22,0.2,33550.02
24,2025-09-13,23,32,2,3,6117.09,0.2,4216.56
25,2025-11-21,15,114,3,7,63951.94,0.2,40513.11
26,2026-05-02,18,116,2,-2,27941.69,0.2,17256.4
27,2026-05-12,21,161,1,5,40236.62,0.05,33219.47
28,2025-12-10,3,82,3,2,57593.37,0,33055.34
29,2025-08-08,5,17,2,7,24167.29,0,20080.16
30,2026-03-07,18,100,3,1,28013.8,0.2,17103.53
31,2025-12-27,25,77,2,7,43501.53,0.1,29270.84
32,2025-08-14,24,125,1,5,7797.69,0.05,5485.3
33,2026-02-19,16,43,2,3,58718.14,0.1,36484.25
34,2026-08-01,18,170,1,2,26431.93,0.15,17626.97
35,2025-02-21,14,67,2,6,6201.15,0,4955.97
36,2026-01-24,15,72,2,5,61219.69,0.2,39732.64
37,2025-02-23,3,90,1,2,55846.89,0.2,34599.8
38,2025-09-11,21,52,1,3,38979.11,0,31073.02
39,2025-08-12,5,120,3,5,24944.02,0.2,19065.7
40,2025-04-28,12,42,2,2,20676.7,0.1,16229.54
41,2026-01-20,1,102,3,4,39365.73,0,29696.86
42,2025-04-15,19,179,2,2,63142.04,0.2,38450.57
43,2026-03-15,19,170,2,2,63868.49,0.1,37506.45
44,2026-05-17,21,28,2,6,40575.7,0.15,33426.17
45,2026-06-19,15,167,2,8,64270.54,0.05,38611.0
46,2025-11-27,14,63,1,5,6776.02,0.05,5013.64
47,2026-01-24,8,87,1,8,48774.18,0.2,30153.37
48,2025-09-22,11,88,2,5,59173.98,0.1,36019.93
49,2025-09-05,1,105,2,4,37395.38,0.15,28690.51
50,2025-01-18,16,24,2,4,63655.22,0.05,36992.06
51,2026-01-13,23,122,3,6,5902.4,0.05,4455.56
52,2026-04-10,24,70,2,5,7619.05,0,5273.01
53,2026-07-03,4,177,1,4,54684.7,0,40169.94
54,2026-06-22,24,153,2,2,7554.87,0.2,5449.63
55,2025-11-06,7,4,3,3,2670.45,0,1977.78
56,2025-05-10,2,164,2,2,19305.1,0.2,13212.86
57,2026-03-28,1,88,1,1,37669.9,0,29418.55
58,2026-05-19,16,19,3,1,59398.92,0,35595.32
59,2025-03-29,5,64,1,7,26026.19,0.1,20526.83
60,2026-06-20,20,98,2,8,65357.96,0,38510.69
61,2025-03-03,19,157,3,2,65505.76,0.2,37365.45
62,2025-03-25,7,41,1,3,2786.08,0.1,1960.69
63,2026-04-27,3,75,1,4,53593.96,0,33577.71
64,2025-03-14,23,176,1,5,5933.21,0.2,4531.75
65,2025-07-22,21,109,1,4,41894.24,0.15,33294.88
66,2025-03-15,5,16,1,5,26338.0,0.1,20312.41
67,2026-03-26,24,32,2,5,7884.57,0.15,5542.78
68,2026-05-21,13,113,1,1,67133.07,0.05,43757.28
69,2025-04-04,24,59,3,1,7397.92,0.2,5224.95
70,2025-06-29,22,121,3,8,16358.29,0,11110.81
71,2026-05-19,6,24,2,6,17546.26,0.05,10560.38
72,2025-06-14,11,85,2,8,60273.93,0,35667.52
73,2026-07-18,22,10,2,2,16607.36,0,11343.05
74,2026-02-18,9,132,1,8,16772.28,0.05,11147.8
75,2026-05-26,2,161,2,1,17471.29,0,12989.47
76,2026-03-25,9,179,2,2,17268.89,0,11107.46
77,2025-06-12,21,80,3,1,41995.47,0.1,31671.75
78,2025-04-27,14,119,1,3,6165.75,0.05,5189.92
79,2026-03-02,23,124,2,4,5940.36,0.05,4471.7
80,2026-06-05,18,35,1,5,26856.0,0.2,17306.03
81,2025-10-01,14,1,2,5,6371.25,0.2,5099.73
82,2025-06-02,19,115,3,8,62268.19,0,38560.81
83,2026-04-12,11,83,1,4,62097.93,0.1,37105.81
84,2025-02-14,13,82,3,8,61363.03,0.15,44824.51
85,2025-06-05,13,127,1,3,62604.05,0.1,44390.53
86,2026-03-27,19,26,3,8,60310.94,0,36674.27
87,2025-06-08,24,20,2,5,7225.17,0,5518.97
88,2025-12-03,20,173,3,7,64566.77,0,39995.16
89,2026-07-09,21,10,3,2,42578.17,0,33166.94
90,2025-08-21,21,24,2,2,42396.12,0.2,31809.97
91,2025-06-20,21,178,2,1,0,0,31272.75
92,2026-01-19,11,111,1,4,64027.53,0.1,36286.22
93,2025-06-24,14,45,1,7,6559.57,0.1,5101.85
94,2025-05-27,22,60,2,5,15189.96,0.05,11440.18
95,2026-04-22,9,74,3,3,17527.41,0,11080.16
96,2025-11-03,15,164,2,5,66178.42,0.05,40512.29
97,2026-05-10,10,28,1,7,44758.26,0.1,36745.9
98,2025-10-30,12,6,3,7,21802.5,0,16779.0
99,2025-02-20,1,156,3,8,37631.02,0.2,29984.58
100,2025-12-27,10,57,3,4,48195.66,0.1,36237.06
101,2025-05-21,9,161,1,1,17551.42,0,10911.27
102,2025-05-15,15,24,2,6,58866.33,0.15,38367.81
103,2026-07-07,14,94,3,5,6234.42,0.2,4810.66
104,2026-05-09,6,76,3,6,15982.82,0.2,10926.53
105,2025-08-20,4,174,3,7,52961.86,0.2,39299.98
106,2025-01-15,18,68,3,2,27652.9,0.05,18252.83
107,2026-08-22,12,98,3,6,22073.61,0,16322.33
108,2026-07-29,22,84,3,4,15175.86,0.15,10571.4
109,2025-11-06,3,167,2,2,57032.31,0,33745.05
110,2026-05-20,2,30,1,4,19239.75,0.1,12922.52
111,2026-07-08,5,108,3,3,24671.81,0.05,19514.89
112,2026-02-22,21,72,1,6,39290.83,0,32390.59
113,2026-01-07,15,26,3,6,62164.7,0.1,37924.49
114,2025-07-14,21,32,2,2,40668.23,0.15,32128.38
115,2025-01-22,7,13,2,4,2791.77,0,2019.73
116,2026-07-22,19,54,3,4,59310.01,0.2,39133.52
117,2025-01-03,8,71,1,3,46220.42,0.1,29031.23
118,2025-01-27,9,34,1,6,17816.82,0.2,10331.49
119,2025-09-29,8,14,1,7,47795.91,0.1,28681.08
120,2026-01-06,4,132,3,2,54850.76,0.05,40751.84
121,2026-06-18,17,78,2,1,43979.65,0,25122.62
122,2025-04-21,16,126,3,8,65267.05,0,36780.17
123,2025-05-10,3,71,3,6,54782.84,0.05,32796.72
124,2026-03-17,20,26,3,2,63258.16,0.2,39308.76
125,2025-08-09,21,111,2,4,42218.5,0.05,33194.42
126,2025-04-08,11,81,2,6,64274.64,0.15,36631.55
127,2026-05-01,9,18,1,2,16884.43,0,10372.02
128,2025-05-14,14,143,1,6,6168.54,0.15,5078.16
129,2026-03-10,4,14,2,5,52570.08,0,42190.72
130,2026-05-09,4,58,1,6,53708.25,0.2,39797.66
131,2026-08-11,18,58,2,1,27659.33,0.1,18208.53
132,2025-07-04,22,70,3,5,16374.47,0,10808.63
133,2026-08-03,12,169,2,2,20229.5,0,16603.9
134,2026-06-28,24,56,2,7,7699.32,0.05,5120.86
135,2025-11-29,11,146,3,2,58980.96,0,36346.1
136,2025-03-25,5,70,2,7,23930.55,0.05,19946.94
137,2026-06-09,20,30,2,7,62543.83,0,38676.87
138,2026-06-24,10,171,2,1,47614.2,0,37432.07
139,2025-07-29,13,78,1,3,67472.95,0.2,42028.1
140,2026-05-25,9,111,1,3,16697.93,0.05,10341.03
141,2025-12-29,18,19,2,1,28870.57,0.05,17794.6
142,2025-11-17,1,148,2,7,37123.57,0.15,28394.44
143,2025-01-22,21,84,1,8,40981.31,0.2,31314.92
144,2025-04-19,23,63,2,7,6431.18,0.1,4231.32
145,2025-12-14,3,57,2,3,55311.69,0,33282.81
146,2025-07-18,17,90,2,3,46384.32,1.25,24936.29
147,2025-06-06,4,168,1,3,50769.52,0.2,39741.65
148,2026-08-17,21,115,3,6,41386.72,0.2,33152.69
149,2026-04-26,21,114,3,5,40442.59,0.2,32248.04
150,2025-03-17,9,80,2,8,17361.64,0,10561.14
151,2025-04-03,2,158,3,7,17893.56,0.05,12902.36
152,2025-02-12,19,116,3,4,62066.04,0,39005.41
153,2025-03-05,20,116,1,6,62814.87,0.15,38248.81
154,2025-09-11,3,113,2,3,56092.76,0,32869.44
155,2025-12-13,12,174,3,1,22751.56,0.2,15916.17
156,2025-04-07,21,143,3,7,42199.35,0,31173.3
157,2025-06-03,9,86,1,3,17652.46,0,10850.2
158,2026-02-06,10,34,3,2,49340.15,0,37778.86
159,2025-05-11,18,172,3,2,27692.19,0.15,18254.38
160,2026-01-07,22,80,1,4,15557.36,0,10900.98
161,2025-05-21,25,40,1,5,43008.1,0.2,28619.51
162,2026-06-24,4,10,3,6,53229.93,0.2,40981.87
163,2025-06-16,20,47,3,3,60033.96,0.15,39039.29
164,2025-09-01,15,114,3,5,58949.14,0.2,38365.88
165,2025-09-02,24,80,2,4,7845.36,0,5217.2
166,2026-04-18,22,73,2,7,16611.25,0,11510.26
167,2025-09-14,7,14,3,8,2847.8,0.2,1938.28
168,2026-06-13,12,32,2,2,21746.43,0.2,15510.14
169,2025-05-31,6,112,1,4,16016.25,0.2,11002.45
170,2026-03-01,15,14,2,6,65692.44,0,40315.4
171,2025-01-29,13,82,1,6,67554.96,0.2,43270.14
172,2026-04-29,5,179,1,8,23867.04,0.05,19367.63
173,2025-09-20,20,56,1,7,59018.71,0,37998.1
174,2025-02-18,25,62,2,8,41914.57,0,28813.55
175,2026-07-03,4,5,3,4,55470.71,0.15,40837.24
176,2025-12-28,5,62,3,7,24359.66,0,18868.21
177,2026-01-05,22,18,3,1,16049.99,0.05,11059.18
178,2026-01-18,16,65,3,1,58834.27,0,36650.85
179,2025-04-17,3,149,3,6,54945.76,0,34551.53
180,2025-06-29,2,176,2,8,17855.24,0.15,12962.38
181,2026-04-14,6,10,2,4,17154.44,0,10209.31
182,2025-11-14,7,132,2,8,2877.49,0,1969.74
183,2026-01-01,2,13,3,6,18789.94,0,12790.45
184,2026-02-14,4,113,2,6,55216.35,0,40609.55
185,2026-06-16,16,69,1,7,64024.7,0,36586.73
186,2026-07-13,14,76,2,2,6590.0,0,5114.99
187,2026-03-13,11,43,3,8,62959.14,0,36329.25
188,2025-12-28,15,158,2,5,58938.42,0.15,40107.3
189,2026-01-08,2,132,3,3,17208.96,0,13310.99
190,2026-03-25,5,9,1,2,26146.49,0,20052.4
191,2026-08-04,25,9,3,3,43884.88,0.15,28972.2
192,2025-03-20,15,147,1,6,66207.19,0.05,38392.44
193,2025-04-27,11,7,3,3,62869.39,0.05,36142.81
194,2025-09-26,17,67,3,8,44946.01,0,25004.79
195,2026-05-18,20,52,1,3,61281.07,0.2,40928.37
196,2026-04-01,3,23,3,6,55715.76,0.15,35049.02
197,2025-10-25,12,77,1,3,22175.15,0.2,16147.93
198,2025-07-25,12,36,1,8,21619.79,0,15536.9
199,2026-07-19,12,34,3,2,21745.0,0,15889.79
200,2026-05-06,10,135,2,7,45944.42,0.2,37839.61
201,2025-03-17,19,116,2,6,58272.25,0,39614.15
202,2025-05-13,25,111,3,1,43366.96,0.2,29559.02
203,2025-06-15,4,83,3,4,53300.85,0,40128.57
204,2025-09-14,17,51,3,5,47912.97,0,25631.62
205,2026-05-30,21,165,1,3,40371.96,0,32517.45
206,2025-12-12,22,145,1,1,15961.98,0,11429.59
207,2025-09-29,2,167,1,7,19245.08,0.1,13466.67
208,2026-07-13,21,75,3,5,38926.21,0.05,33539.49
209,2025-11-01,8,117,1,1,49102.31,0,30459.33
210,2025-12-15,15,156,1,6,61931.56,0.2,38710.7
211,fecha-invalida,23,103,1,6,5961.82,0.1,4581.75
212,2025-05-06,18,69,2,4,26717.41,0,17386.7
213,2026-03-05,4,64,1,6,50116.76,0.1,42450.63
214,2026-05-26,24,132,2,8,7388.61,0,5467.89
215,2026-06-02,16,118,1,4,58671.33,0.1,38483.79
216,2026-04-27,12,74,3,1,20347.19,0.2,15764.98
217,2026-01-10,4,104,2,1,52707.11,0.05,42222.76
218,2026-07-21,2,74,1,7,18363.35,0.1,12794.59
219,2025-05-02,15,33,1,7,64728.37,0,38074.64
220,2025-05-28,11,51,3,7,62144.65,0.1,36522.99
221,2025-12-08,2,122,3,8,17139.64,0,12727.4
222,2025-11-23,20,42,2,5,66184.3,0.1,38210.03
223,2026-05-17,11,145,2,8,61745.53,0.2,36995.31
224,2026-03-03,1,150,2,1,36686.75,0.1,29953.21
225,2026-08-16,16,148,1,1,60610.97,0.1,37532.96
226,2026-01-25,16,38,3,4,59850.51,0,37445.75
227,2025-01-20,19,113,2,7,65175.57,0,36706.4
228,2026-04-28,14,16,3,3,6663.36,0.1,4933.34
229,2026-05-05,7,135,2,6,2763.39,0,2090.93
230,2025-12-29,15,174,3,5,65912.91,0.1,38290.22
231,2026-07-26,16,77,1,5,60024.6,0.2,36190.08
232,2026-05-16,10,82,2,6,47773.29,0.1,37751.74
233,2026-07-11,24,98,2,6,7350.54,0.2,5164.07
234,2025-03-22,5,89,2,5,24357.04,0.15,19368.94
235,2025-10-05,16,144,3,5,60198.45,0,38098.78
236,2025-09-06,4,13,3,4,53965.42,0.15,41152.28
237,2026-04-29,8,26,3,3,44549.44,0,29737.38
238,2026-05-03,18,123,3,4,29858.85,0.2,17254.48
239,2025-04-02,10,167,3,4,45485.37,0.1,37605.77
240,2025-06-29,24,107,1,1,7786.53,0.2,5550.11
241,2025-10-24,13,10,1,5,65874.15,0.1,42538.41
242,2025-10-19,20,117,3,8,59842.3,0,41161.17
243,2025-04-26,17,85,1,8,45419.34,0.15,24191.41
244,2025-12-12,9,76,3,4,17641.17,0,10240.54
245,2026-03-14,20,132,2,2,65885.82,0.05,40860.35
246,2026-05-04,22,83,1,1,14897.28,0,11507.56
247,2025-12-04,13,78,3,1,61378.96,0,44739.98
248,2025-05-02,21,120,2,3,40672.89,0.05,31663.14
249,2025-11-15,22,177,1,5,15716.56,0,11422.85
250,2026-05-05,20,40,2,6,60758.68,0.05,41071.45
251,2026-07-05,23,171,1,4,6141.54,0.15,4380.35
252,2026-06-23,25,115,3,6,43612.57,0,30078.09
253,2026-06-02,19,52,3,3,58575.86,0,39130.01
254,2025-07-30,11,150,2,2,64488.49,0.1,36772.85
255,2026-06-10,15,107,2,1,65083.51,0.1,38672.79
256,2025-01-23,15,102,2,1,63993.56,0.15,38172.6
257,2025-12-19,7,180,1,1,2769.5,0,1921.74
258,2025-05-19,16,165,3,7,58739.83,0,36723.03
259,2026-01-22,13,97,1,3,63112.27,0.15,45373.77
260,2026-02-07,12,136,1,4,20540.74,0.2,16779.22
261,2026-04-20,1,173,3,7,38540.3,0.1,30750.16
262,2025-12-21,13,40,2,4,66162.2,0.15,42775.85
263,2026-03-06,25,158,1,4,40947.48,0,30135.58
264,2025-02-19,3,63,3,1,53194.49,0.05,32452.25
265,2025-02-27,15,36,3,5,60477.9,0,37859.6
266,2025-11-25,24,61,2,3,7643.99,0.15,5379.93
267,2025-03-04,17,143,3,3,43976.69,0.15,24428.88
268,2025-12-19,22,165,3,7,15564.99,0.2,11031.91
269,2025-06-02,17,77,2,3,44547.33,0.2,24684.29
270,2025-11-04,18,37,2,1,28041.17,0.1,18345.38
271,2025-05-18,14,100,1,5,6894.36,0,4998.12
272,2026-01-15,11,24,3,4,62846.84,0,38347.33
273,2025-02-10,9,19,1,4,16890.73,0.05,10801.24
274,2025-01-16,7,55,1,2,2871.76,0.15,1972.82
275,2025-07-29,25,102,1,6,42967.54,0.2,28661.26
276,2026-01-03,10,79,2,6,45840.09,0.1,37236.26
277,2026-04-26,16,82,1,6,62215.43,0,38016.27
278,2025-05-30,14,5,2,7,6126.18,0,5133.4
279,2026-08-07,5,63,2,6,24054.87,0,19268.1
280,2026-05-18,25,118,1,6,44858.44,0,30543.98
281,2026-07-10,5,165,1,1,25735.02,0.2,19720.22
282,2025-01-07,3,106,1,4,59256.59,0,34357.24
283,2026-04-12,23,96,1,8,5830.27,0.15,4282.18
284,2026-02-26,16,4,1,5,58611.75,0.1,37127.94
285,2026-03-17,10,46,1,2,43672.69,0.1,38156.37
286,2025-09-16,5,91,2,7,24198.41,0,19950.34
287,2025-09-07,12,179,1,5,22865.96,0.15,16018.21
288,2025-02-02,3,24,2,7,57163.93,0.05,34927.57
289,2025-06-25,18,22,2,7,28050.13,0.15,18009.95
290,2025-04-08,11,136,1,4,62208.06,0,38136.7
291,2025-02-17,23,20,3,5,6405.99,0.1,4382.17
292,2025-11-19,19,5,1,3,62885.43,0.2,36940.57
293,2025-11-03,23,42,3,4,6353.89,0.1,4558.72
294,2026-01-29,13,36,3,2,64971.55,0.1,43912.83
295,2026-03-24,24,60,1,6,8030.09,0.1,5131.77
296,2025-12-01,25,8,3,5,43712.18,0.2,29579.36
297,2026-01-20,15,111,1,7,62532.83,0,38336.65
298,2025-03-17,25,22,2,3,43738.4,0.05,30105.88
299,2026-02-03,23,82,2,2,6324.96,0,4257.08
300,2025-10-04,1,27,1,2,39432.99,0,29354.05
301,2026-02-22,14,27,1,2,6462.03,0,4997.0
302,2025-11-29,18,99,1,5,26670.13,0.05,17948.88
303,2026-07-27,13,63,3,3,65802.62,0.15,44627.8
304,2025-10-02,13,127,1,2,60841.77,0,42858.91
305,2025-03-20,14,93,2,4,6318.0,0.15,4884.56
306,2026-04-14,21,28,1,5,41395.66,0,32756.61
307,2025-12-04,13,113,2,7,62165.78,0.2,44221.77
308,2025-11-25,21,155,3,4,43933.58,0.05,31375.15
309,2025-11-23,11,75,3,8,59140.78,0.1,36629.94
310,2026-02-07,8,94,1,4,46204.24,0.1,29383.97
311,2025-01-28,18,119,3,4,26983.15,0.05,18216.44
312,2026-02-23,10,173,2,3,48526.81,0.15,35707.19
313,2026-03-10,10,97,1,8,45013.47,0.1,37647.79
314,2026-03-05,16,140,1,6,63145.74,0.15,37135.02
315,2025-04-22,18,64,3,6,28474.7,0,18448.03
316,2026-02-14,21,85,2,2,42015.66,0,32602.96
317,2026-06-16,4,143,3,4,51534.34,0.05,40876.51
318,2026-08-26,12,177,3,3,21294.46,0,16464.88
319,2025-03-29,1,30,3,3,37233.57,0,28963.52
320,2026-06-18,10,124,2,8,45615.94,0,38061.28
321,2025-03-10,15,77,1,2,64388.29,0,38669.4
322,2025-06-18,11,63,3,3,62856.83,0.1,37544.05
323,2026-04-19,6,60,2,3,16139.21,0,10551.42
324,2025-07-22,21,116,3,7,42252.41,0.05,32121.03
325,2025-03-06,1,148,1,3,38294.43,0,28729.04
326,2026-05-17,11,136,3,6,59294.35,0.1,35698.19
327,2025-12-23,13,91,2,3,64436.74,0.2,44093.01
328,2026-08-28,22,22,3,3,16126.0,0,10837.98
329,2026-01-18,4,178,1,7,51397.0,0.05,39450.79
330,2025-07-10,20,125,3,3,60088.98,0.1,39063.75
331,2025-11-19,6,116,3,1,,0.2,10282.01
332,2025-07-19,12,99,3,8,22845.34,0.05,16054.72
333,2026-03-31,22,126,1,2,15694.84,0.1,11241.84
334,2025-02-03,1,71,1,5,38730.04,0,28767.61
335,2026-05-23,25,141,3,2,42848.35,0.1,29961.44
336,2026-01-11,4,139,1,8,51596.67,0.1,40993.95
337,2025-09-11,7,77,1,8,2914.01,0,1931.89
338,2025-05-01,12,61,1,6,22597.4,0.2,15487.89
339,2025-05-23,23,53,1,1,6189.24,0.1,4363.74
340,2025-06-22,12,83,3,5,21684.86,0,16214.73
341,2025-04-08,19,35,2,1,59800.55,0,39228.59
342,2025-09-13,21,38,3,6,39438.66,0.2,33473.61
343,2026-05-17,8,37,3,5,48840.74,0.15,30436.06
344,2025-04-06,14,104,3,5,6400.65,0.15,4785.69
345,2026-08-19,12,1,3,2,21470.27,0.15,16059.61
346,2025-03-06,15,137,2,4,63689.43,0.05,39512.47
347,2025-10-18,7,87,3,3,2740.15,0.1,1971.03
348,2025-02-19,16,12,1,8,64794.9,0,38316.11
349,2026-04-13,4,1,2,4,56102.39,0.15,39599.38
350,2025-10-08,5,24,3,6,26253.81,0,19393.86
351,2025-06-19,3,14,2,5,55139.92,0.15,35064.39
352,2025-04-04,23,25,1,4,6302.56,0.05,4364.15
353,2026-04-01,3,3,1,6,53422.84,0.2,33030.42
354,2025-05-16,4,123,1,4,56502.34,0.05,40556.55
355,2025-11-17,3,95,2,3,57717.0,0.05,32658.92
356,2025-05-27,25,18,3,1,44813.06,0.1,30304.68
357,2025-08-07,21,161,3,3,39636.15,0.05,31993.41
358,2025-03-30,20,26,1,2,64517.23,0.1,40730.57
359,2025-11-19,24,36,1,5,7457.75,0.15,5562.7
360,2025-10-19,3,177,1,5,54251.91,0,34155.48
361,2026-02-06,17,76,3,1,46230.71,0.2,24182.23
362,2026-05-27,8,164,3,2,47227.16,0.1,28938.73
363,2025-05-16,1,100,3,7,39642.91,0,30633.59
364,2025-03-16,18,5,3,2,28795.87,0,18208.72
365,2026-02-12,9,130,2,7,16535.93,0.05,11102.62
366,2026-07-05,23,158,1,5,6026.67,0,4446.44
367,2025-06-09,10,138,2,7,44041.63,0.1,38511.13
368,2025-03-09,21,80,3,7,42814.27,0.15,32851.97
369,2026-03-21,8,30,2,1,44582.22,0,28868.23
370,2025-05-03,22,4,3,3,16197.85,0.15,11271.7
371,2026-06-20,1,133,3,5,35709.25,0,30683.53
372,2025-10-03,12,31,1,6,20563.69,0.2,16477.4
373,2026-08-14,14,161,1,8,6314.68,0.05,4780.55
374,2026-08-04,17,43,2,3,44789.09,0,24867.94
375,2025-04-29,25,59,3,1,40892.64,0,29522.94
376,2026-01-28,1,39,1,1,36095.03,0.1,29424.75
377,2025-11-26,23,64,2,6,6291.17,0,4360.31
378,2025-02-23,3,46,1,1,56573.73,0.05,32709.87
379,2025-11-15,3,84,1,8,58766.93,0,34951.02
380,2025-11-08,12,160,1,8,20767.65,0,16167.61
381,2025-07-20,19,140,1,3,65362.29,0,39699.81
382,2025-01-10,14,86,1,7,6108.01,0.2,4991.18
383,2026-06-27,24,61,2,8,7790.5,0,5155.58
384,2025-08-26,5,134,2,6,25707.26,0.05,19028.31
385,2025-05-17,24,164,2,2,7167.72,0.1,5151.61
386,2025-05-14,19,61,2,5,58181.72,0.2,38569.24
387,2025-12-01,11,82,2,5,65053.84,0,36612.62
388,2026-08-22,3,28,1,2,59244.87,0,32760.03
389,2026-07-03,15,92,1,8,62335.98,0,38511.23
390,2025-06-11,15,176,2,1,60723.82,0,37524.37
391,2025-12-31,11,102,3,1,58909.18,0.15,37655.55
392,2025-02-01,10,104,2,4,45121.66,0,38740.75
393,2025-05-05,15,4,1,4,59415.96,0,39844.82
394,2025-03-28,7,150,3,5,2855.67,0.2,1979.8
395,2026-03-31,3,33,1,6,52626.57,0,32544.99
396,2026-08-11,2,111,3,7,19230.47,0.05,12626.66
397,2025-12-29,1,55,1,5,36755.44,0,29306.78
398,2025-09-09,15,166,2,8,65682.77,0.05,37230.78
399,2026-01-28,18,36,2,4,28061.04,0.15,17143.69
400,2026-07-11,17,5,2,6,44140.86,0.05,25958.32
401,2026-08-03,18,129,2,7,29150.81,0,17548.1
402,2025-01-31,6,72,1,8,15494.95,0.1,10712.22
403,2025-06-13,12,26,1,4,22333.64,0,16788.85
404,2025-02-27,18,57,3,7,29276.4,0,18452.54
405,2026-01-03,6,152,1,6,15811.95,0.1,10707.89
406,2026-05-20,19,139,2,3,58811.85,0.05,39533.2
407,2025-08-13,2,6,3,8,17244.43,0,12838.87
408,2025-05-14,11,88,3,3,64989.48,0.2,35985.0
409,2025-05-26,11,29,3,6,58207.83,0,35808.83
410,2026-08-24,12,26,2,5,22161.32,0,16307.79
411,2026-03-24,5,164,2,6,26554.22,0,20147.38
412,2026-01-01,23,58,3,3,6469.46,0.05,4467.09
413,2025-07-01,10,1,3,7,47946.76,0.2,36449.05
414,2025-11-22,25,157,1,2,45650.8,0.05,28114.55
415,2025-12-22,5,82,1,2,24487.56,0.2,19001.66
416,2025-12-10,23,115,1,5,6235.96,0,4481.0
417,2025-04-21,8,1,1,7,48427.35,0.05,29570.46
418,2026-02-28,24,127,2,6,7492.29,0.1,5185.14
419,2026-08-15,13,167,3,4,60287.85,0,43675.87
420,2025-10-29,15,6,2,5,59189.84,0,40023.71
421,2025-06-14,3,20,3,2,54924.26,0,35016.76
422,2025-02-01,20,111,3,3,66927.95,0.1,40846.99
423,2025-07-30,14,49,2,5,6218.98,0.15,4797.04
424,2026-02-07,10,147,3,8,45343.66,0,35795.27
425,2025-10-29,2,170,3,8,17875.12,0,13066.23
426,2025-10-26,4,21,2,2,49947.38,0,39645.91
427,2025-09-29,13,24,3,7,63294.6,0,45287.5
428,2026-04-02,12,12,2,8,22661.82,0.05,15890.49
429,2025-03-05,9,39,3,2,16559.01,0,10482.02
430,2026-08-27,22,59,3,1,15397.15,0.2,11076.76
431,2026-07-03,13,176,2,4,66121.88,0.05,43439.76
432,2025-02-05,10,129,3,3,44041.23,0,38451.39
433,2025-06-21,25,55,1,3,42802.65,0,30498.61
434,2025-07-26,14,161,1,5,6153.38,0,5053.61
435,2026-02-02,24,143,2,6,7971.77,0.2,5138.08
436,2025-01-13,9,180,3,7,17203.98,0,11097.48
437,2026-08-20,14,26,1,2,6212.76,0.2,5002.22
438,2026-02-25,10,68,2,8,48742.6,0.1,38376.86
439,2026-02-17,20,37,3,7,62794.03,0,38323.49
440,2025-09-01,13,13,3,8,66700.98,0,43101.68
441,2025-11-07,12,80,2,8,20268.57,0.2,16529.09
442,2025-08-22,23,35,2,8,6247.55,0.2,4575.71
443,2025-04-02,11,49,2,4,59865.94,0.2,36690.69
444,2026-01-18,14,15,3,3,6705.38,0,5087.28
445,2026-06-21,10,146,1,3,47801.13,0,36807.43
446,2026-04-13,7,13,2,4,2860.35,0,1958.0
447,2025-05-07,12,175,1,4,22490.37,0,16083.96
448,2026-05-01,16,151,3,6,63240.17,0,35963.78
449,2025-04-03,6,73,1,7,17209.7,0,10393.48
450,2025-08-08,6,57,3,4,17243.86,0.15,10884.28
451,2025-01-21,7,175,1,8,2660.91,0,1986.42
452,2025-08-18,21,65,3,5,39684.34,0.15,33286.13
453,2026-01-21,23,90,2,5,6214.63,0,4362.04
454,2026-02-11,15,150,1,1,61021.62,0.1,38904.2
455,2026-07-29,22,166,3,5,16650.2,0,11368.31
456,2025-10-11,22,164,2,5,14922.87,0,10609.38
457,2025-11-02,21,49,1,4,42537.73,0,33549.2
458,2025-05-24,20,7,3,8,62237.59,0,38839.33
459,2025-02-06,9,150,3,4,18055.07,0,10611.1
460,2026-05-03,24,172,2,5,7777.07,0.2,5431.5
461,2025-07-05,6,76,1,8,17216.01,0,10975.32
462,2025-07-07,24,175,2,2,7336.19,0,5489.31
463,2026-03-07,12,85,2,5,20830.32,0.1,16606.14
464,2025-02-24,10,163,3,2,46335.55,0.05,35867.25
465,2026-01-26,7,136,2,7,2742.17,0,2067.74
466,2026-02-24,5,146,2,3,23866.29,0,19216.07
467,2025-12-07,23,162,1,6,5853.2,0.15,4228.47
468,2025-06-22,2,148,1,8,17045.03,0.2,12886.56
469,2026-03-21,25,163,2,7,44627.57,0.05,28366.89
470,2025-07-24,16,96,1,6,61553.65,0.2,35504.66
471,2025-09-12,17,58,3,6,43798.74,0,25258.55
472,2025-11-10,5,43,1,1,23755.19,0,19746.51
473,2026-06-21,10,87,2,3,46288.84,0,37192.27
474,2026-02-18,16,5,1,4,61361.05,0.15,35999.37
475,2026-06-01,5,44,1,6,24102.95,0.15,18903.83
476,2025-09-19,21,137,3,1,42967.59,0.1,32062.42
477,2025-01-21,2,13,3,2,18577.08,0.05,13329.71
478,2026-05-01,15,180,1,4,61647.96,0.15,38995.95
479,2025-04-14,22,170,3,5,15973.72,0.1,10841.57
480,2025-04-18,20,131,3,2,64631.51,0,39186.65
481,2025-07-24,4,68,3,4,55117.03,0,40829.67
482,2026-07-16,23,128,1,8,6032.51,0,4259.46
483,2025-04-24,8,147,3,8,44248.3,0,30423.83
484,2025-04-14,3,66,3,4,58067.12,0.05,32576.74
485,2025-06-28,10,11,2,6,45145.26,0.2,35644.38
486,2025-04-08,22,12,1,3,15334.6,0.15,11269.63
487,2026-03-25,21,160,2,2,39670.07,0,32011.63
488,2026-04-13,11,70,2,8,59182.12,0.2,36638.26
489,2025-04-26,14,34,3,1,6628.65,0.2,5103.78
490,2026-05-10,6,146,3,8,15659.01,0,11008.03
491,2025-01-30,20,176,3,3,62041.09,0.05,38975.87
492,2025-02-17,16,17,2,6,59389.72,0,36730.96
493,2026-08-14,23,145,1,6,6390.97,0.1,4401.38
494,2026-03-20,17,170,3,4,46705.69,0.05,25129.53
495,2025-06-02,12,143,3,1,22048.39,0,16278.23
496,2026-04-26,21,127,1,2,43722.16,0.2,32437.22
497,2025-10-12,16,13,3,4,61051.98,0.1,36467.07
498,2025-03-22,21,118,2,8,40774.13,0,33332.82
499,2026-05-25,16,168,1,2,62063.88,0.05,35770.5
500,2025-04-04,14,155,3,5,6117.95,0.1,4994.51
501,2025-12-16,18,94,1,4,27080.18,0.2,18064.74
502,2026-04-30,15,169,2,8,61260.8,0,39753.94
503,2025-12-16,4,91,3,5,54943.76,0.1,39830.28
504,2025-06-18,17,127,1,7,44869.5,0,24000.69
505,2026-02-07,9,56,2,4,17404.35,0.15,10405.14
506,2026-08-26,11,32,2,8,58588.73,0.15,36683.14
507,2026-05-26,19,2,3,1,65238.61,0.1,36789.81
508,2026-06-05,14,46,3,3,6786.92,0.15,4965.33
509,2025-11-26,5,130,2,7,23757.9,0.1,20016.4
510,2025-12-18,23,76,2,3,6308.14,0,4303.55
511,2026-06-09,14,77,3,6,6590.06,0.15,5143.26
512,2025-07-25,24,54,3,5,7992.46,0.15,5406.04
513,2025-07-02,12,129,3,6,22760.57,0.15,15553.02
514,2026-08-20,4,147,3,7,54953.67,0.15,41063.38
515,2026-03-09,24,4,3,2,7952.08,0,5359.29
516,2025-07-24,13,69,1,5,60645.05,0.15,44416.0
517,2025-10-30,9,53,3,1,16383.58,0,10286.04
518,2026-07-30,15,58,3,7,59420.55,0,40100.41
519,2025-10-22,17,178,3,1,47266.82,0.05,25527.74
520,2025-11-17,13,142,1,1,62852.12,0.15,44873.27
521,2026-03-30,9,58,3,6,16508.12,0.2,11051.64
522,2025-07-18,19,76,2,3,62005.24,0.15,38370.14
523,2026-06-11,3,31,2,1,53812.55,0.05,32873.15
524,2026-08-22,9,66,1,6,17285.11,0.05,10350.6
525,2025-11-27,23,153,1,5,6445.03,0.05,4212.56
526,2025-11-22,19,135,1,3,62033.23,0.1,36581.61
527,2026-07-11,3,138,2,2,58115.46,0,32829.85
528,2025-12-06,8,93,2,4,49578.71,0.2,30401.78
529,2025-01-10,20,30,3,6,63257.69,0.05,41208.9
530,2025-09-07,8,11,3,6,49706.43,0.05,30269.89
531,2025-10-17,4,7,3,6,52400.27,0.1,40983.56
532,2025-07-17,17,83,3,2,45288.12,0,23862.94
533,2026-07-01,6,2,3,2,17492.77,0,10878.15
534,2026-03-11,22,27,1,7,15972.11,0.15,10755.52
535,2026-04-16,3,85,1,2,57832.8,0,32812.99
536,2025-03-14,2,148,1,5,17448.94,0.05,12861.35
537,2025-11-20,13,5,2,2,63133.33,0.1,43384.73
538,2026-08-23,1,12,3,2,37991.83,0,29808.16
539,2025-11-05,17,156,1,5,43305.5,0.2,25501.43
540,2025-02-01,15,122,1,4,61657.26,0,39942.31
541,2026-07-13,24,76,3,3,7464.5,0,5484.17
542,2026-01-18,22,3,3,3,16490.21,0,11491.59
543,2026-07-05,2,141,1,5,17045.77,0,13263.35
544,2025-08-05,24,106,3,3,7804.28,0,5450.27
545,2025-07-18,6,30,1,1,15906.37,0.2,10936.0
546,2026-04-18,25,166,3,2,45469.73,0,30616.29
547,2026-08-18,22,125,2,6,14840.89,0,10643.01
548,2025-03-13,22,50,2,8,16024.35,0.05,10644.81
549,2026-08-22,11,40,3,6,62606.94,0.2,36326.56
550,2025-11-17,11,64,1,7,65311.55,0,35877.42
551,2026-05-07,12,119,2,6,20584.09,0.2,16408.76
552,2025-03-25,10,72,1,4,46473.93,0,35837.79
553,2025-03-19,24,5,3,1,7944.78,0.2,5142.56
554,2025-08-06,19,10,3,5,62260.12,0.1,38929.16
555,2026-01-10,18,101,1,5,28036.07,0,18228.4
556,2026-01-08,15,129,1,4,62617.18,0.2,37423.28
557,2025-05-24,20,115,1,3,64497.82,0.1,40370.94
558,2026-05-11,19,92,1,4,62895.72,0.2,39598.5
559,2025-08-28,16,11,3,4,60340.62,0.1,36248.64
560,2025-02-17,12,11,3,6,21286.05,0,16672.38
561,2025-10-08,23,68,3,3,6469.22,0.05,4443.72
562,2025-03-21,21,133,2,7,40773.5,0,32673.27
563,2025-12-20,17,125,2,1,45056.14,0.1,25568.34
564,2026-06-11,5,165,2,4,24836.11,0,19268.05
565,2025-05-02,6,170,1,7,15772.35,0.2,10716.83
566,2026-05-06,11,123,1,3,63427.95,0.15,36902.89
567,2026-08-11,14,152,1,3,6106.79,0.15,4771.41
568,2025-02-27,17,43,2,3,42914.46,0.1,25028.16
569,2025-01-20,13,170,2,2,64339.49,0,44002.23
570,2026-05-09,15,44,1,7,63462.38,0.1,38734.71
571,2025-07-06,5,160,3,5,25973.21,0,20301.6
572,2026-08-28,24,18,1,7,7750.14,0.05,5543.33
573,2026-06-01,5,176,2,3,23773.98,0.1,19219.66
574,2025-02-09,4,137,3,2,50980.5,0,42292.11
575,2026-07-07,16,1,3,7,63763.18,0.1,38341.81
576,2026-06-27,14,110,1,8,6396.66,0.2,4771.54
577,2026-08-13,25,26,2,3,42428.5,0,29562.3
578,2025-03-27,16,73,3,7,64615.27,0,38368.41
579,2025-01-08,7,148,3,2,2568.33,0.1,2045.75
580,2025-11-20,1,105,2,2,36718.64,0,28728.08
581,2026-07-03,14,109,3,6,6630.93,0.1,4864.23
582,2025-07-28,9,106,3,8,18241.64,0,10604.33
583,2025-11-11,12,148,2,7,21759.03,0.15,16053.51
584,2025-08-24,5,115,3,3,26166.78,0,20019.48
585,2026-07-18,7,158,3,1,2744.93,0,2053.28
586,2025-04-04,13,38,2,7,67311.22,0,41836.08
587,2025-02-08,3,99,2,5,54359.07,0.15,33464.6
588,2025-06-29,20,164,2,8,59440.08,0,40428.35
589,2026-06-15,7,74,1,1,2865.12,0.2,2078.97
590,2025-06-23,20,173,1,6,63096.68,0,40165.3
591,2025-10-10,21,103,2,7,38767.07,0.05,31436.44
592,2025-03-12,19,24,3,5,59271.37,0.15,36387.71
593,2025-10-11,18,58,3,4,29632.17,0.05,17554.51
594,2026-02-21,13,130,1,2,64140.54,0.1,42828.6
595,2026-06-10,10,66,3,5,45597.45,0.15,35864.71
596,2025-09-07,15,87,2,8,66345.37,0.1,39050.65
597,2026-01-27,1,163,1,4,37229.75,0.2,28865.14
598,2026-07-03,11,3,3,5,60995.82,0,36481.98
599,2025-12-17,10,20,3,3,44125.02,0.05,37697.28
600,2025-10-03,11,47,3,4,60530.55,0.05,38255.86
601,2025-09-29,24,53,1,4,7279.0,0.2,5454.77
602,2025-04-20,8,31,1,8,49293.86,0.1,29585.19
603,2025-02-13,1,124,2,6,38578.84,0.05,29607.08
604,2026-06-08,19,72,2,4,64548.46,0.2,37990.59
605,2026-03-10,19,123,3,1,58702.46,0.1,38108.35
606,2025-06-28,12,118,1,8,21301.6,0,16342.28
607,2026-01-24,23,149,1,6,5718.8,0,4459.51
608,2025-09-27,20,61,2,8,65931.78,0.1,38375.83
609,2025-08-04,11,108,3,6,60628.41,0,36959.44
610,2025-05-15,13,148,3,4,61737.87,0.2,42513.49
611,2026-07-23,4,111,2,4,54681.51,0,41938.98
612,2025-06-30,24,108,2,3,7230.4,0.2,5488.04
613,2026-05-14,21,77,2,1,41508.15,0.05,33055.28
614,2025-09-18,4,122,3,2,54475.33,0.05,39244.71
615,2026-07-28,24,143,2,6,7409.88,0,5277.35
616,2025-07-23,14,148,3,3,6189.1,0.2,5134.85
617,2026-05-15,10,115,1,7,45687.74,0.1,37695.62
618,2025-06-21,10,164,2,7,46335.49,0.15,38628.55
619,2025-03-15,20,21,1,6,63589.7,0,40691.86
620,2025-10-01,11,155,3,7,60240.91,0,36279.63
621,2026-08-25,15,134,2,7,64861.24,0,40343.97
622,2025-08-29,6,170,2,2,17244.69,0,10267.64
623,2026-04-30,6,141,1,1,16278.77,0.2,10239.87
624,2025-04-17,13,68,3,3,63726.17,0,45679.88
625,2025-08-23,21,64,3,5,43707.41,0.05,32104.54
626,2025-06-24,21,8,1,6,39436.13,0.2,32498.09
627,2026-07-08,11,70,3,8,64565.56,0,36855.94
628,2026-04-13,23,162,3,7,6133.76,0.1,4427.08
629,2025-12-22,21,124,3,4,42158.09,0.2,31874.03
630,2025-09-24,3,40,2,1,55642.64,0,33449.43
631,2025-12-19,17,74,2,1,47448.32,0.15,25636.06
632,2025-01-10,16,111,2,4,66064.66,0.2,36946.91
633,2026-07-29,1,112,2,4,37546.34,0,28684.01
634,2026-01-23,23,57,2,2,6288.4,0.05,4348.77
635,2025-10-06,21,73,3,5,40036.37,0.05,33181.7
636,2025-10-24,7,29,3,8,2866.14,0.1,1946.09
637,2025-07-12,15,83,1,3,60780.97,0,39255.82
638,2025-10-16,18,69,1,8,26414.5,0.15,18539.44
639,2026-05-21,1,56,2,7,36038.92,0,28584.91
640,2025-02-02,16,85,1,3,66472.87,0,36902.98
641,2026-04-27,9,47,1,5,17766.57,0.2,10294.91
642,2025-09-12,13,99,2,4,66202.0,0.15,42288.74
643,2025-04-07,2,134,3,4,17498.32,0.05,13425.05
644,2025-11-27,13,41,3,1,65007.41,0.15,43026.48
645,2025-11-02,18,51,2,1,28212.01,0.2,17404.96
646,2026-03-21,22,84,1,3,15143.59,0.2,10657.42
647,2025-09-06,9,3,1,8,17346.86,0.15,10602.76
648,2025-09-12,20,41,2,2,60227.19,0.15,40418.51
649,2025-03-03,20,16,2,3,61707.55,0.15,41114.47
650,2025-08-27,18,82,3,6,29186.96,0.2,17203.82
651,2026-01-22,15,92,3,3,64478.06,0,37185.0
652,2025-10-29,2,139,3,8,18165.27,0,13077.77
653,2026-04-25,19,71,3,3,59163.34,0,37508.01
654,2025-09-27,17,139,2,8,43591.07,0,24418.23
655,2025-07-09,25,5,3,6,43845.5,0.2,29016.13
656,2026-07-06,20,100,1,8,60903.45,0.2,40244.24
657,2026-02-24,18,165,2,2,26890.19,0,17452.01
658,2025-05-13,17,46,1,4,46534.24,0,23862.78
659,2026-02-02,16,169,2,5,60019.42,0,35485.27
660,2025-01-14,12,54,3,8,20823.11,0.2,16387.2
661,2026-01-05,3,143,3,7,55830.76,0.2,34269.29
662,2025-09-30,12,136,1,2,22409.45,0.2,15447.01
663,2026-06-16,10,25,1,4,44035.15,0.1,36190.25
664,2025-09-12,13,146,3,3,61004.17,0.1,43857.07
665,2026-08-14,24,92,3,8,7626.57,0.15,5459.83
666,2025-07-04,22,141,2,6,15564.74,0.15,10648.78
667,2025-12-27,6,81,3,6,16567.92,0.2,10714.85
668,2025-11-28,12,156,1,4,21353.12,0.05,16266.59
669,2026-01-04,25,116,2,7,43361.08,0,29966.8
670,2025-01-17,24,133,1,5,7119.01,0,5241.12
671,2025-11-19,10,6,3,5,49439.71,0.1,36186.7
672,2025-06-08,17,25,1,8,45935.13,0,25808.01
673,2026-08-20,5,64,1,5,23869.63,0.2,19508.02
674,2025-08-11,10,20,3,6,44118.44,0.2,36795.63
675,2026-08-14,16,25,3,5,59869.64,0,38091.41
676,2025-02-27,24,86,2,7,7869.16,0.05,5287.1
677,2025-01-12,4,163,3,7,55696.14,0,39848.28
678,2026-08-02,10,39,2,4,46697.0,0,36530.69
679,2026-04-02,2,153,3,2,18604.27,0,13730.61
680,2025-05-16,14,87,1,8,6329.51,0.1,4926.26
681,2025-03-29,24,103,3,7,7133.22,0.2,5295.46
682,2026-07-27,23,51,2,7,5814.13,0.15,4249.53
683,2026-06-21,19,64,1,2,59238.12,0,38412.65
684,2026-08-13,25,23,1,7,42697.95,0.05,29811.17
685,2025-01-25,12,79,1,6,21176.01,0.1,15821.12
686,2025-08-28,15,52,3,6,63595.94,0,38628.13
687,2025-02-25,25,63,3,3,44344.68,0.2,28253.51
688,2025-04-24,10,79,2,8,43652.36,0,37763.44
689,2025-07-28,11,140,3,5,59388.65,0.1,37088.03
690,2025-01-19,16,97,3,1,63472.26,0,38638.3
691,2025-10-05,6,14,2,1,15566.89,0,10338.89
692,2026-01-04,13,28,1,5,64835.97,0.2,44387.79
693,2026-06-05,21,26,2,8,40815.96,0.2,33800.51
694,2026-05-28,20,118,3,1,63266.26,0,38373.25
695,2026-05-17,8,101,3,3,49814.01,0,29449.41
696,2025-11-06,12,61,3,5,22105.37,0.2,15870.5
697,2025-01-31,2,143,2,4,18492.75,0,13592.21
698,2025-03-31,11,98,3,4,64825.77,0.05,37477.82
699,2025-11-16,8,155,2,8,47699.34,0.1,29772.36
700,2026-07-09,5,176,1,3,24088.74,0,19108.04
701,2025-05-19,23,111,1,3,6263.4,0,4400.98
702,2025-05-02,3,48,2,3,56471.8,0.15,35198.87
703,2026-02-28,1,106,2,8,38584.53,0.15,30492.89
704,2025-07-12,21,28,1,3,43716.21,0,31770.92
705,2026-08-04,25,157,1,4,45765.42,0,29634.86
706,2026-05-04,22,35,3,8,14757.83,0.15,10624.68
707,2026-05-19,21,122,1,3,40749.31,0,33433.51
708,2025-01-16,8,70,2,4,44426.8,0.15,30670.71
709,2025-03-09,22,46,2,8,16693.99,0.15,11288.45
710,2026-03-14,11,104,1,7,64585.58,0.15,38233.8
711,2026-08-09,11,153,3,1,60851.43,0.1,38402.77
712,2025-02-13,4,63,3,7,52847.97,0.15,42021.99
713,2025-02-20,2,49,2,8,18334.03,0.05,13169.45
714,2025-06-20,10,109,2,1,48183.35,0.15,36420.73
715,2026-04-08,17,24,3,2,47964.07,0,24788.49
716,2026-07-14,25,35,2,7,43555.37,0,30356.26
717,2025-07-26,15,117,1,5,58798.55,0,38673.65
718,2025-06-17,23,32,1,2,6219.19,0.15,4474.06
719,2026-01-29,15,131,3,3,63683.27,0.05,37405.21
720,2025-12-10,18,145,3,3,27706.35,0,18217.45
721,2026-03-06,5,79,2,8,23999.33,0,20111.84
722,2025-07-27,21,1,3,5,39724.1,0,33566.93
723,2025-01-06,15,156,2,4,62589.15,0,38828.46
724,2026-03-29,19,21,3,1,62896.17,0,37865.62
725,2025-08-01,18,13,1,3,27336.99,0,17997.15
726,2025-02-03,21,171,3,5,40617.01,0,31401.74
727,2025-07-02,3,42,3,5,52822.09,0.1,33603.04
728,2026-07-30,22,46,2,6,16096.87,0,11129.13
729,2026-01-24,3,18,2,2,57988.04,0,33320.48
730,2025-10-09,16,85,3,7,59562.66,0.1,37661.08
731,2025-04-22,7,147,3,2,2810.78,0.05,2022.38
732,2025-10-22,24,110,3,6,7753.11,0,5548.79
733,2025-05-13,17,158,3,8,46045.05,0.1,25140.57
734,2025-07-04,24,157,1,5,7698.04,0,5339.67
735,2025-05-01,1,54,3,7,35491.18,0.05,29406.75
736,2025-08-06,2,3,3,4,17812.1,0.15,13221.09
737,2025-11-04,10,130,3,6,45087.38,0.2,35702.84
738,2026-02-10,1,146,3,1,35470.3,0.2,29062.53
739,2026-05-06,6,122,1,3,15849.81,0.05,10935.13
740,2026-07-04,5,86,2,7,25436.53,0.15,20426.93
741,2025-11-20,2,143,3,1,18980.65,0,12916.67
742,2025-12-29,19,17,1,5,63101.61,0.2,39031.43
743,2026-07-02,1,43,3,7,36547.17,0,29172.27
744,2025-11-12,20,81,3,1,59919.32,0,40458.92
745,2026-01-16,14,116,2,4,6160.41,0.1,5139.12
746,2025-02-08,10,52,1,8,44613.95,0.1,36711.41
747,2025-06-07,1,49,2,8,38745.07,0.15,30557.82
748,2025-04-11,17,133,3,3,44498.4,0,24488.06
749,2026-06-19,24,30,1,5,7120.84,0,5289.97
750,2025-12-08,22,120,1,2,16412.02,0.1,11400.11
751,2026-08-15,25,80,3,4,43961.15,0,28843.02
752,2025-11-23,7,113,3,2,2634.03,0,1962.83
753,2026-07-28,5,132,1,4,23930.82,0.1,19065.82
754,2025-10-18,12,147,1,3,21732.12,0,15750.29
755,2026-03-31,10,13,1,1,47226.92,0.05,36594.62
756,2025-03-30,22,110,2,3,14806.87,0.15,10922.29
757,2026-04-02,20,158,2,5,66169.33,0,39923.88
758,2026-07-01,7,21,2,3,2816.77,0,2032.82
759,2026-04-22,23,121,1,4,6078.26,0,4374.42
760,2025-07-07,20,180,3,6,61058.93,0.2,38992.84
761,2026-05-02,11,29,2,8,61318.63,0.05,35423.89
762,2026-08-12,6,33,3,2,16036.25,0.05,10478.19
763,2025-03-14,23,78,3,8,6335.02,0.05,4323.9
764,2026-07-16,19,41,2,7,60953.92,0,38429.1
765,2026-03-18,11,112,3,6,59382.55,0.1,37599.51
766,2025-03-21,23,147,2,2,5896.81,0.1,4455.04
767,2026-04-01,20,46,2,7,62712.21,0,39663.55
768,2026-01-24,20,84,2,1,59853.95,0,40569.94
769,2025-01-01,7,38,3,3,2853.34,0.05,2071.25
770,2026-04-03,18,51,1,6,27385.24,0,17976.54
771,2026-03-22,19,89,1,1,63960.94,0.1,38626.95
772,2025-10-29,17,16,2,1,45046.53,0,24047.52
773,2025-04-23,23,73,1,4,6149.98,0.05,4578.12
774,2026-01-27,23,104,2,7,6173.53,0.1,4440.47
775,2025-07-12,7,143,2,6,2799.07,0.2,1998.02
776,2025-05-09,14,35,1,2,6216.62,0.15,5192.21
777,2026-03-24,1,35,1,3,35614.44,0.15,30505.33
778,2026-03-12,14,160,1,8,6804.69,0.1,5146.41
779,2025-12-30,14,58,1,7,6548.01,0.1,4950.83
780,2025-08-31,1,129,2,7,37688.41,0.1,30405.71
781,2026-08-05,19,124,3,6,60587.05,0,39633.89
782,2025-05-26,19,135,2,8,61491.46,0.1,38663.82
783,2025-09-09,3,121,3,2,56227.8,0.15,34182.71
784,2025-02-24,21,88,3,1,41625.86,0.05,32650.13
785,2025-12-06,15,108,2,5,62709.72,0,38727.2
786,2025-11-08,6,145,2,1,15514.52,0.15,11018.99
787,2025-10-26,16,160,1,5,63112.9,0.05,37261.38
788,2025-10-12,3,65,1,5,53380.63,0,32582.19
789,2025-06-28,9,152,3,3,16092.96,0.15,10333.03
790,2025-08-30,15,125,1,1,61563.86,0,37715.43
791,2025-06-07,3,127,2,7,59415.69,0,34139.1
792,2025-08-04,22,148,3,6,15591.12,0,11170.82
793,2025-02-23,21,43,2,7,40168.1,0.05,33339.79
794,2026-06-30,10,60,2,7,46410.11,0.05,38601.09
795,2025-01-13,9,74,2,7,16380.77,0.15,11052.99
796,2025-02-12,11,25,3,6,65336.07,0.2,37562.85
797,2025-10-07,14,86,2,5,6596.69,0.2,5039.91
798,2026-04-18,4,173,3,4,51511.22,0.15,41142.67
799,2025-12-12,22,174,3,3,15890.03,0,10737.66
800,2025-03-11,18,4,2,2,26372.87,0.1,17018.66
801,2025-10-18,4,65,1,1,54440.98,0,40300.18
802,2025-08-11,20,154,3,2,59718.34,0.15,41005.46
803,2026-01-20,4,169,3,3,50360.47,0,41216.93
804,2025-03-19,23,164,2,5,5856.25,0.2,4311.71
805,2025-11-28,14,66,1,2,6664.79,0,5046.75
806,2025-03-03,25,67,2,3,40669.05,0.05,29040.96
807,2026-02-07,3,46,3,8,56000.66,0,35138.79
808,2025-04-19,5,114,3,5,25159.03,0,19620.34
809,2025-09-14,2,115,1,8,17204.01,0,13233.84
810,2026-02-04,21,69,1,6,42162.37,0.05,33665.69
811,2026-05-18,19,123,2,7,57719.27,0.2,38721.5
812,2026-07-08,24,58,1,7,7842.59,0.15,5478.43
813,2026-01-03,25,86,3,5,42984.9,0.05,29505.59
814,2025-04-03,2,94,3,6,18507.85,0,13685.66
815,2025-07-27,15,46,3,1,64696.69,0.05,38109.9
816,2025-04-20,22,162,3,6,15089.69,0.05,11227.88
817,2025-07-14,3,36,1,4,58825.97,0,33666.16
818,2026-02-03,24,17,3,5,8051.48,0.05,5219.32
819,2025-01-17,18,10,2,1,29812.16,0,18286.11
820,2026-06-20,24,118,3,3,7126.92,0.15,5162.33
821,2025-05-25,19,126,3,1,59529.32,0.05,36578.75
822,2025-05-14,20,4,1,1,59345.97,0,40175.26
823,2026-08-29,4,17,1,2,52879.13,0.05,39645.39
824,2025-07-27,20,110,2,7,65426.03,0,38492.79
825,2025-05-21,4,83,1,1,56418.55,0.1,41112.94
826,2025-05-25,6,107,1,6,16148.75,0.1,10263.6
827,2025-02-11,6,35,1,7,16366.7,0.2,11021.63
828,2025-01-07,6,2,1,2,15472.91,0.15,10608.48
829,2026-05-03,21,178,1,4,41915.15,0,31799.49
830,2025-09-02,21,45,3,1,40202.87,0.1,32278.68
831,2025-04-01,6,161,2,6,16955.2,0.05,10726.28
832,2026-06-27,1,25,3,6,37591.74,0.2,28692.73
833,2026-04-21,25,161,3,4,45769.98,0,29350.32
834,2026-05-01,2,128,1,3,17485.6,0.15,13496.52
835,2025-08-03,2,112,2,6,17159.98,0.1,12992.28
836,2025-02-23,25,138,1,3,42825.32,0.2,28301.91
837,2025-08-29,1,114,3,6,37244.52,0.05,28494.36
838,2025-08-24,7,29,2,4,2828.78,0,2073.22
839,2026-01-20,8,57,1,8,48697.14,0.1,30950.64
840,2025-08-10,16,157,2,3,58920.74,0.05,36811.66
841,2026-01-03,12,70,1,6,20589.89,0,16390.01
842,2025-05-20,2,29,2,8,18647.57,0.05,12637.17
843,2025-10-30,6,155,1,3,17046.35,0.1,10356.93
844,2026-06-19,18,126,1,8,29415.93,0.2,17141.72
845,2025-09-10,15,64,2,7,60837.39,0.1,39625.17
846,2025-06-02,8,147,1,7,49629.71,0,30211.62
847,2026-06-01,2,9,2,7,19344.67,0.05,13422.89
848,2025-09-04,23,22,3,1,6354.2,0.15,4373.19
849,2026-01-03,24,76,1,2,7479.65,0,5209.62
850,2026-04-16,16,147,3,1,63840.36,0.05,35911.98
851,2026-02-20,15,48,2,8,64787.96,0.15,40121.63
852,2026-01-30,21,177,2,1,38772.78,0,32787.19
853,2026-07-10,14,148,1,2,6715.33,0.1,5060.19
854,2026-01-08,11,14,1,7,63550.45,0,35504.34
855,2025-06-29,15,166,3,2,63563.48,0.1,38370.26
856,2025-12-09,23,62,3,2,6316.9,0.15,4250.9
857,2025-08-03,16,58,2,6,64387.34,0,37850.36
858,2025-03-06,17,96,2,8,46658.87,0.05,24377.38
859,2026-06-29,17,174,3,5,45761.99,0.05,24036.83
860,2025-03-09,20,49,2,2,61947.43,0,40077.3
861,2025-03-20,13,28,1,5,66769.1,0,42934.38
862,2025-07-29,23,134,3,1,5827.87,0,4255.61
863,2025-05-16,14,122,2,7,6895.85,0.05,4991.13
864,2025-03-06,24,6,1,6,7710.48,0.05,5244.45
865,2025-12-01,19,125,3,8,60396.18,0.05,38513.98
866,2025-11-10,10,44,2,4,46952.59,0.05,38436.59
867,2025-02-18,12,38,2,5,22897.57,0.05,16461.19
868,2026-07-03,6,74,1,3,16746.94,0.2,10301.31
869,2025-06-07,23,42,1,2,6253.81,0,4456.49
870,2026-01-14,11,48,1,1,62276.55,0.15,36769.73
871,2026-04-05,11,139,1,5,65464.54,0,35809.59
872,2025-05-29,1,118,2,3,36859.78,0,29497.07
873,2025-10-30,24,122,2,3,7614.94,0.2,5346.73
874,2025-12-13,19,177,1,8,63441.47,0,39445.29
875,2025-01-26,5,103,3,4,25599.41,0.05,19070.05
876,2025-07-19,12,150,3,4,20468.41,0.2,15442.35
877,2026-07-06,25,115,3,2,41858.43,0.1,28088.98
878,2026-06-08,13,15,3,6,61044.77,0.05,43048.39
879,2026-01-31,5,96,1,5,25721.08,0,19614.02
880,2026-07-29,12,23,1,8,21064.75,0.15,15999.07
881,2026-03-11,14,107,1,2,6757.65,0,4879.66
882,2026-06-22,7,86,1,7,2672.9,0,2089.2
883,2026-03-01,1,45,3,8,36883.19,0.15,30582.55
884,2025-07-10,19,98,2,8,63652.25,0,36797.53
885,2026-07-27,10,119,1,1,48546.5,0.2,36479.99
886,2026-04-29,1,32,3,5,35662.37,0.05,28975.92
887,2025-09-08,6,8,1,5,16479.16,0.05,10797.66
888,2026-05-08,3,145,2,5,56770.14,0.15,33437.36
889,2025-05-03,22,96,3,1,15663.28,0.2,11226.28
890,2025-11-24,9,119,3,3,16419.67,0,10282.7
891,2025-12-31,6,13,2,5,15551.63,0.1,10490.01
892,2025-07-07,21,25,3,3,43732.48,0.1,32461.07
893,2025-11-05,11,70,3,6,64630.36,0,38034.64
894,2025-01-14,18,36,3,5,28425.07,0,18304.32
895,2025-06-16,25,27,1,3,43000.53,0.1,28915.4
896,2026-07-27,8,158,3,2,49265.04,0.05,30751.93
897,2025-05-15,15,5,2,6,65944.24,0,37512.85
898,2026-06-20,23,88,1,5,5995.63,0,4515.17
899,2025-05-26,24,177,1,5,7875.2,0,5211.68
900,2025-04-25,7,20,1,8,2612.14,0.2,1927.66
901,2026-06-10,14,152,1,8,6123.52,0,4799.93
902,2025-01-11,9,25,1,4,16156.87,0.1,10513.41
903,2025-04-03,7,38,3,5,2631.3,0.1,1976.12
904,2025-09-05,12,130,3,2,21186.78,0,16582.91
905,2025-07-16,19,73,1,1,63715.41,0.15,38118.81
906,2026-05-02,4,94,3,3,56066.97,0.05,42360.44
907,2025-12-30,22,98,2,4,16632.62,0.1,10723.88
908,2025-11-18,8,32,2,2,46698.7,0.1,30662.39
909,2025-10-23,5,143,3,1,25015.36,0,19497.81
910,2026-04-13,11,154,3,5,61638.06,0.15,36585.83
911,2026-03-15,15,49,1,8,60410.01,0.15,38513.88
912,2026-05-19,12,173,1,7,20708.53,0.05,16787.59
913,2025-05-27,17,102,2,2,46532.24,0.15,23953.69
914,2025-12-13,6,52,3,7,15576.61,0,11068.28
915,2025-10-13,8,149,3,5,49304.6,0.2,30566.18
916,2026-02-19,21,125,3,5,43769.13,0,32007.52
917,2026-05-17,25,128,1,3,42833.53,0,28348.12
918,2026-05-26,4,174,1,3,54797.18,0.05,42033.95
919,2025-04-09,20,20,3,8,64457.81,0.2,38255.38
920,2026-05-18,15,130,2,6,60218.03,0.2,39391.28
921,2025-02-02,18,111,1,7,28304.61,0.05,18508.27
922,2025-02-06,11,9,1,5,64475.75,0.15,36775.19
923,2026-02-03,6,125,1,8,16478.3,0.15,10276.54
924,2026-05-03,18,144,1,1,28804.64,0.05,17908.12
925,2025-12-28,9,73,2,1,17149.04,0,11148.45
926,2025-12-24,19,150,1,6,58046.22,0.05,39157.52
927,2026-02-26,4,90,1,4,52688.18,0,42619.23
928,2025-03-09,8,79,1,6,48154.42,0,30213.64
929,2026-03-09,1,146,3,7,37499.53,0,28288.55
930,2025-11-21,1,97,3,7,38252.48,0,29728.75
931,2025-07-30,19,87,2,6,58461.52,0,37982.34
932,2025-07-26,20,128,3,2,61393.6,0.2,41113.69
933,2025-11-01,18,147,2,4,27106.23,0.1,17423.65
934,2026-08-16,24,25,3,6,8014.21,0,5446.37
935,2026-03-14,3,54,2,2,56537.06,0.15,33945.55
936,2026-07-07,10,81,1,7,46579.28,0.05,36466.8
937,2026-07-15,9,47,1,3,17435.37,0.1,10657.25
938,2026-04-24,16,69,3,7,60190.18,0.1,38539.21
939,2026-01-09,24,119,1,4,7693.1,0,5353.77
940,2026-03-22,24,106,2,2,7749.86,0.15,5248.6
941,2025-10-21,7,166,1,5,2863.5,0.15,1961.1
942,2025-06-03,20,50,1,4,60882.01,0.2,38555.48
943,2026-03-23,10,109,3,1,46337.93,0,37322.42
944,2025-10-12,6,169,3,3,16016.08,0.15,10177.33
945,2025-01-21,2,15,1,6,19280.6,0.1,13134.14
946,2026-02-21,10,94,3,2,48740.79,0.05,38444.14
947,2026-08-08,24,129,1,5,7902.52,0.05,5218.16
948,2025-11-17,3,85,3,7,54179.46,0.2,32718.51
949,2025-08-12,24,37,1,3,7806.73,0,5549.56
950,2026-08-27,9,15,2,6,17027.68,0.15,10468.49
951,2025-09-10,4,72,1,6,51927.68,0.05,40561.86
952,2025-02-05,23,170,1,4,5999.67,0,4317.01
953,2026-01-07,18,176,1,4,27721.06,0.2,18013.42
954,2026-02-07,15,66,2,2,61713.85,0.2,40244.18
955,2025-06-14,25,113,3,6,41624.09,0.2,28577.5
956,2025-10-08,25,21,2,8,43880.84,0.15,30083.15
957,2026-03-09,14,26,1,5,6859.97,0.1,4899.1
958,2026-07-15,3,84,2,1,54996.41,0.2,34158.83
959,2026-03-31,2,165,1,1,18529.06,0.05,12781.86
960,2025-03-26,7,29,1,4,2787.06,0.1,1969.41
961,2025-05-14,23,153,3,7,6470.18,0.2,4520.46
962,2025-05-17,11,67,1,6,61304.46,0.2,38187.65
963,2025-07-06,10,101,2,4,44754.96,0,36844.01
964,2025-08-23,1,23,2,4,39338.13,0,29883.38
965,2026-03-16,23,154,2,3,6378.07,0,4216.39
966,2025-01-15,12,135,2,8,20683.16,0.2,16172.51
967,2025-07-28,22,49,2,5,15699.72,0.15,10766.58
968,2025-07-31,16,154,1,5,61543.71,0.15,36796.7
969,2025-05-30,22,8,2,5,15086.39,0,10723.41
970,2026-08-20,20,176,3,8,62615.92,0,38589.9
971,2026-02-12,1,176,1,7,37167.19,0.15,30470.16
972,2025-04-08,14,143,1,1,6701.35,0,4865.37
973,2025-02-16,8,2,2,7,47082.17,0,29580.61
974,2026-07-27,13,11,3,3,64924.58,0,42328.61
975,2026-04-25,6,34,1,6,16504.21,0.15,11026.01
976,2025-11-17,17,12,1,8,45214.36,0.2,24340.47
977,2025-10-17,9,68,3,5,17705.4,0.1,11106.09
978,2026-05-19,11,39,3,8,61180.3,0,35865.44
979,2025-02-06,7,121,2,3,2618.6,0.15,1954.52
980,2026-05-22,15,11,2,6,62098.42,0.15,40538.28
981,2025-06-01,18,32,2,2,28083.27,0,17783.13
982,2026-06-05,10,70,3,4,44647.59,0.1,36033.54
983,2026-03-03,1,20,1,8,37440.25,0.15,29683.76
984,2025-05-05,4,101,2,2,55815.88,0.2,39121.32
985,2026-05-07,11,117,3,5,58952.25,0.1,35590.38
986,2026-04-09,22,84,3,3,14717.02,0,11495.9
987,2025-02-26,2,19,3,7,18902.45,0,12897.55
988,2026-02-13,13,23,1,4,61538.8,0,42747.02
989,2025-06-07,13,31,2,8,65805.25,0.2,42921.05
990,2025-05-15,14,92,3,2,6701.17,0.2,5158.81
991,2026-02-02,12,122,2,7,21630.57,0,16061.86
992,2025-07-10,25,112,3,7,42656.4,0,28988.02
993,2025-08-18,2,166,3,3,18230.63,0.05,13702.51
994,2025-10-25,17,120,2,2,46362.91,0.2,24923.22
995,2025-11-04,16,64,3,7,60889.99,0,38611.66
996,2025-02-16,19,132,1,7,58066.82,0.05,36593.92
997,2025-09-17,4,91,2,2,52936.83,0.2,41635.62
998,2026-04-19,17,46,1,7,42780.57,0,25399.17
999,2025-11-18,3,151,3,8,55458.77,0.2,34465.79
1000,2025-12-16,22,48,1,3,15610.77,0,11337.44
1001,2025-04-19,24,112,3,1,8037.71,0,5229.19
1002,2026-05-04,13,118,3,7,60411.94,0.2,42481.85
1003,2026-05-14,22,78,3,6,16648.83,0.15,11135.9
1004,2025-11-06,22,23,1,3,16643.47,0,11207.55
1005,2025-07-12,7,7,1,8,2605.71,0.15,1916.52
1006,2026-07-06,5,49,1,5,25508.79,0.2,19628.28
1007,2025-04-30,15,43,1,8,59786.89,0.05,38564.14
1008,2025-09-06,16,52,2,7,58642.94,0,36856.47
1009,2026-03-19,11,107,2,5,57799.5,0,37390.89
1010,2026-05-15,16,60,3,1,61684.62,0.1,37066.04
1011,2025-03-07,1,69,3,7,36943.15,0.05,29016.93
1012,2025-12-22,4,115,3,7,53142.06,0,42427.39
1013,2025-12-19,6,113,1,4,16048.4,0.1,10330.89
1014,2026-04-25,22,34,2,7,15387.82,0.05,11136.11
1015,2026-04-29,22,42,3,4,16018.37,0,10899.45
1016,2025-05-13,23,45,1,3,6297.89,0.1,4456.77
1017,2026-05-21,16,78,1,4,59293.41,0.1,36746.39
1018,2025-09-25,2,92,3,3,19363.29,0,12985.98
1019,2026-03-17,17,30,3,4,42872.29,0,23906.63
1020,2025-12-15,18,91,1,5,27142.32,0,17412.08
1021,2025-04-17,23,13,2,8,6395.16,0.2,4432.32
1022,2025-04-15,25,144,1,2,40936.92,0,28305.73
1023,2026-01-06,21,41,3,5,39391.82,0.15,31574.26
1024,2025-04-12,15,40,3,6,64708.81,0,38827.6
1025,2026-03-02,5,2,1,8,23820.19,0,19218.86
1026,2026-01-17,10,107,2,4,46581.56,0,35760.11
1027,2025-08-22,25,36,2,7,44482.74,0.05,29127.13
1028,2026-01-06,15,8,2,3,66231.38,0.2,38888.77
1029,2025-03-13,1,22,2,6,38356.03,0.05,29543.98
1030,2025-02-07,25,170,3,3,41231.56,0.1,28190.2
1031,2026-06-17,2,76,2,7,19313.11,0.15,13710.41
1032,2025-11-18,23,89,1,5,6144.96,0.1,4315.51
1033,2026-04-02,20,165,1,8,66404.78,0.15,40171.76
1034,2026-02-19,12,51,2,2,22667.86,0,16478.03
1035,2025-05-10,18,134,3,5,27540.16,0,18149.35
1036,2025-12-15,3,163,1,1,56143.9,0,33288.75
1037,2025-11-08,18,109,3,2,28469.96,0.15,17386.07
1038,2026-06-04,2,91,1,1,18995.75,0.2,12870.5
1039,2026-08-10,21,2,2,6,43759.15,0,32273.84
1040,2026-07-01,24,153,1,6,8044.32,0,5374.3
1041,2026-08-10,10,173,1,7,47546.85,0.1,38162.7
1042,2026-08-20,24,50,2,8,7325.5,0,5261.66
1043,2025-03-25,5,24,1,7,25707.22,0,20315.57
1044,2026-06-23,16,104,3,7,60204.84,0.2,35637.11
1045,2026-03-27,9,177,2,7,17346.0,0.2,10831.12
1046,2026-04-14,6,34,3,2,15744.86,0.15,10269.6
1047,2025-06-10,7,144,2,2,2726.35,0.1,1919.49
1048,2025-10-24,14,11,3,3,6180.02,0,4915.36
1049,2025-10-29,12,125,1,3,21056.01,0,15897.7
1050,2025-11-09,19,73,1,3,61019.56,0.2,39494.27
1051,2025-12-24,24,18,1,7,7559.33,0.05,5164.29
1052,2025-12-12,19,97,2,3,60134.95,0.2,37861.02
1053,2026-04-06,5,171,2,3,25044.04,0.2,19672.3
1054,2026-02-24,24,100,1,7,7400.73,0,5485.27
1055,2026-03-30,18,72,3,2,26499.87,0.2,18063.12
1056,2025-11-13,6,144,3,2,16934.09,0.15,10688.56
1057,2026-07-09,18,148,1,4,26641.61,0.2,18512.36
1058,2026-06-29,16,47,1,5,62508.63,0.2,35442.09
1059,2026-08-17,7,114,1,6,2652.55,0.05,2038.99
1060,2025-01-24,19,88,2,3,58045.15,0.05,39241.94
1061,2025-09-21,1,24,1,2,39034.81,0.1,29020.94
1062,2025-04-02,6,40,2,7,16042.78,0.15,10321.91
1063,2025-07-05,6,7,3,1,15564.36,0,11055.02
1064,2025-11-28,13,67,2,2,60266.01,0,42368.27
1065,2025-08-31,7,127,3,7,2650.56,0,2019.71
1066,2026-02-21,9,17,2,1,16195.01,0.05,10668.25
1067,2025-10-03,21,142,3,2,40005.48,0,33531.33
1068,2025-11-08,25,146,2,8,43385.74,0,30072.48
1069,2025-05-26,21,96,3,3,41420.22,0.2,33234.44
1070,2026-07-23,8,116,1,1,47485.3,0.2,29765.16
1071,2025-06-21,15,1,1,8,66305.75,0,39248.85
1072,2025-12-26,20,162,1,5,61001.12,0,40100.72
1073,2025-11-04,6,23,2,2,17001.65,0.2,10680.16
1074,2026-03-19,5,54,3,6,25750.28,0.15,20613.81
1075,2026-04-09,11,70,1,6,62755.69,0,38535.51
1076,2025-01-17,7,178,1,1,2727.88,0.1,2020.15
1077,2025-06-27,16,106,3,8,58520.1,0.2,35412.26
1078,2025-03-21,13,138,1,8,63841.3,0.15,44870.14
1079,2026-01-02,4,100,1,1,52176.31,0,41970.46
1080,2025-01-10,15,57,3,1,61569.59,0.2,37776.0
1081,2025-07-16,9,24,3,5,17557.55,0.2,10900.14
1082,2026-01-07,23,10,2,8,5885.08,0.15,4578.68
1083,2026-02-10,23,29,2,8,6185.93,0,4199.78
1084,2026-08-02,18,45,1,3,27033.04,0.15,18170.99
1085,2025-08-22,3,134,3,5,53385.01,0,35153.73
1086,2026-06-30,22,158,2,8,14751.85,0,11495.94
1087,2025-02-23,14,83,2,7,6622.09,0,5168.23
1088,2026-01-06,4,133,1,4,54404.7,0,40716.86
1089,2025-11-20,9,2,2,4,18080.3,0,10732.39
1090,2025-08-20,3,177,2,2,58789.24,0,34775.85
1091,2025-04-10,7,8,2,7,2624.17,0.2,1968.89
1092,2025-12-09,1,65,1,2,37758.16,0.05,29828.95
1093,2025-12-08,8,134,1,2,50035.13,0.2,30851.34
1094,2026-04-03,20,149,1,2,63976.51,0,40395.06
1095,2025-03-08,2,33,1,8,17913.74,0,13605.51
1096,2025-04-15,10,174,1,1,47211.87,0,36901.1
1097,2026-02-25,13,60,3,1,62731.02,0.05,44210.56
1098,2025-04-14,13,87,3,1,63239.79,0.05,43476.52
1099,2025-04-16,17,4,3,2,44602.58,0.1,24190.69
1100,2026-06-06,7,66,2,7,2884.01,0.05,1936.07
1101,2025-05-21,24,12,1,3,7687.37,0,5194.42
1102,2026-01-02,19,80,3,3,61130.8,0,39571.54
1103,2026-01-13,16,3,3,3,60956.27,0,36506.48
1104,2025-02-25,8,109,2,4,47301.13,0,30858.4
1105,2025-12-16,21,49,3,8,43584.92,0.15,33241.28
1106,2025-12-06,23,149,3,6,6479.76,0.1,4430.56
1107,2026-04-11,10,11,2,4,46066.85,0,36013.74
1108,2025-08-07,21,62,2,6,39948.64,0.2,31645.81
1109,2025-01-07,24,93,1,2,7449.88,0,5295.99
1110,2026-03-27,1,50,3,6,37577.31,0,28563.25
1111,2025-08-13,1,68,3,3,35877.91,0,28933.89
1112,2025-06-30,18,68,1,1,27221.13,0.2,17314.51
1113,2025-04-24,22,87,1,5,14981.51,0.05,11187.75
1114,2025-06-25,8,135,3,7,46469.07,0.15,29628.57
1115,2025-05-14,3,49,1,7,53320.83,0.15,35001.12
1116,2025-09-08,12,12,3,4,21092.04,0.2,15976.21
1117,2025-09-11,18,14,3,5,27394.9,0.2,17239.69
1118,2026-05-16,5,54,3,2,26155.57,0.2,20560.54
1119,2025-06-21,16,131,2,6,64816.46,0.05,37399.34
1120,2026-01-18,17,135,3,8,45397.41,0.15,24475.9
1121,2026-08-21,16,167,1,4,62277.49,0,37288.71
1122,2025-08-12,7,79,2,7,2725.17,0.1,1955.32
1123,2026-07-18,6,22,1,2,17416.43,0,10502.2
1124,2025-02-12,15,120,3,6,62759.09,0.05,37904.05
1125,2026-05-25,15,82,2,7,62347.97,0,38519.63
1126,2025-03-19,6,92,1,5,16373.1,0.2,10400.04
1127,2025-10-11,17,59,1,2,45680.85,0,25185.57
1128,2025-07-21,12,173,2,5,20318.49,0,15649.44
1129,2025-10-09,24,49,3,3,7876.16,0.2,5430.18
1130,2025-09-25,25,3,2,5,44276.8,0.2,29442.87
1131,2026-02-20,12,149,3,1,22378.69,0.05,15939.54
1132,2025-06-02,21,102,1,4,41485.02,0.15,33171.99
1133,2026-08-25,24,142,2,8,7288.89,0,5217.07
1134,2026-03-04,3,54,2,8,54717.95,0.2,32915.32
1135,2025-05-12,18,79,3,1,26443.24,0.05,17224.52
1136,2026-03-06,22,109,3,7,16384.2,0.2,10879.45
1137,2026-08-25,25,6,3,1,44135.16,0,28809.61
1138,2026-08-05,5,162,3,7,26558.65,0.05,20605.82
1139,2026-01-31,7,49,2,2,2899.58,0,1925.02
1140,2025-11-08,19,24,1,2,65283.98,0.15,38490.22
1141,2026-05-16,18,7,1,4,26974.9,0,18309.3
1142,2026-06-21,13,18,2,1,61771.95,0,42719.7
1143,2026-02-25,17,101,1,2,42750.07,0,24486.81
1144,2026-02-03,18,53,1,4,27842.59,0,18177.82
1145,2025-06-12,14,155,3,5,6769.49,0.1,5045.52
1146,2025-10-10,7,52,1,3,2742.87,0.05,2035.3
1147,2025-09-10,3,135,2,8,58390.63,0.05,34167.03
1148,2025-10-22,15,166,2,6,63218.67,0.15,39650.21
1149,2025-06-29,23,107,1,3,6331.57,0.1,4349.3
1150,2025-07-07,24,179,3,2,7504.34,0.05,5288.58
1151,2025-06-11,23,71,3,5,6451.43,0.15,4290.35
1152,2025-08-11,3,127,2,2,57482.07,0,34519.91
1153,2025-11-30,3,105,2,3,57893.87,0,33865.5
1154,2025-03-16,7,164,3,8,2744.13,0.05,1995.77
1155,2026-02-11,11,10,1,5,63631.01,0,38129.53
1156,2026-04-21,23,125,2,2,6429.12,0,4324.39
1157,2026-03-25,18,36,2,5,28702.46,0.2,18131.18
1158,2025-04-13,6,46,2,2,15800.31,0.1,10166.9
1159,2025-01-12,24,174,2,3,7464.36,0.05,5143.09
1160,2026-06-30,12,56,2,1,20704.78,0.2,16382.3
1161,2025-04-16,21,100,3,5,43070.42,0.05,32826.59
1162,2026-01-22,2,52,1,6,18428.44,0,12624.36
1163,2025-01-15,7,87,1,2,2598.5,0,1988.58
1164,2025-06-21,4,43,1,7,55199.88,0.1,42034.45
1165,2025-07-14,4,160,1,7,55327.25,0.05,40195.76
1166,2025-11-28,4,45,1,7,51355.01,0.15,39410.73
1167,2025-08-14,11,17,3,5,57831.95,0.15,36022.05
1168,2025-08-12,20,106,2,8,61954.17,0,37956.47
1169,2026-08-06,23,44,2,2,6131.33,0.1,4582.73
1170,2025-05-17,11,86,1,6,65491.35,0.2,37606.9
1171,2026-08-23,22,115,2,4,15675.53,0.1,10874.83
1172,2025-01-22,19,158,1,5,63252.67,0,36380.71
1173,2025-03-23,24,16,1,6,7500.87,0.05,5221.72
1174,2025-02-08,10,61,3,8,44774.93,0.15,36716.46
1175,2025-02-10,11,134,2,5,58798.11,0.2,36365.44
1176,2025-12-17,1,63,1,1,36020.75,0.15,30107.71
1177,2025-08-16,8,156,2,6,49082.72,0,30489.32
1178,2026-05-19,15,18,1,1,63648.87,0.15,37333.97
1179,2025-06-27,5,152,3,4,26433.73,0,19085.25
1180,2025-11-15,17,43,3,4,43142.12,0,25364.93
1181,2025-10-20,14,148,2,4,6235.08,0,4862.17
1182,2026-02-12,16,97,1,8,59126.24,0.05,38573.48
1183,2025-06-09,14,124,1,7,6509.06,0.05,5076.45
1184,2026-07-05,3,40,3,3,57918.73,0,35117.62
1185,2026-01-20,13,144,3,8,63235.25,0,43575.44
1186,2025-06-08,11,49,1,1,58816.99,0.2,36862.71
1187,2026-02-19,17,107,2,6,46951.76,0.05,24591.52
1188,2025-03-14,16,105,1,2,60949.36,0.05,38622.61
1189,2025-09-19,19,90,3,8,58971.79,0.15,38908.09
1190,2026-01-30,23,109,3,4,6000.01,0,4219.48
1191,2025-01-29,16,179,3,3,58762.02,0,38050.11
1192,2025-09-18,20,64,3,3,62652.18,0,40104.46
1193,2026-01-29,4,102,3,2,55023.12,0.1,41360.73
1194,2026-03-14,7,65,3,5,2874.05,0.1,1943.15
1195,2025-11-12,18,106,3,2,28707.74,0,17609.25
1196,2025-05-27,21,69,3,4,41803.12,0.15,33276.56
1197,2025-06-22,13,126,1,2,65150.35,0,41840.46
1198,2025-10-23,25,111,1,3,44167.16,0,29395.63
1199,2025-07-06,6,129,1,8,16927.41,0.1,10336.37
1200,2025-07-07,7,50,2,7,2631.6,0.05,1924.18
51,2026-01-13,23,122,3,6,5902.4,0.05,4455.56
401,2026-08-03,18,129,2,7,29150.81,0,17548.1
751,2026-08-15,25,80,3,4,43961.15,0,28843.02
